{"totalTransactions":11856269,"totalTransactionsPct":13.144321583679186,"totalTraders":555989,"totalTradersPct":16.56882518942809,"totalVolume":2344123597.141451,"totalVolumePct":16.46217232092476,"totalBuyVolume":1168644604.7625165,"totalSellVolume":1175478992.3789368,"totalBuyTransactions":6151682,"totalSellTransactions":5704587,"totalTokensCreated":34053,"totalTokensCreatedPct":1.939829366861248,"totalMigrations":278,"totalMigrationsPct":1.4598540145985401}