{"totalTransactions":11814021,"totalTransactionsPct":-15.050636245443256,"totalTraders":576191,"totalTradersPct":-18.393479307707562,"totalVolume":2546514086.894921,"totalVolumePct":-30.235812430277896,"totalBuyVolume":1287992622.0755088,"totalSellVolume":1258521464.8194087,"totalBuyTransactions":6181010,"totalSellTransactions":5633011,"totalTokensCreated":40043,"totalTokensCreatedPct":0.9351683807219198,"totalMigrations":349,"totalMigrationsPct":-12.75}